{"attributes": {"name": "FormDiagram", "color.vertex": [255, 255, 255], "color.edge": [0, 0, 0], "color.face": [0, 255, 255], "color.vertex:is_fixed": [255, 0, 0], "indset": "0.714,9.286,0.000-0.714,9.700,0.000-2.504,6.789,0.000-3.929,6.071,0.000-3.929,6.786,0.000", "loadpath": 110.86755785188754}, "dva": {"x": 0.0, "y": 0.0, "z": 0.0, "is_fixed": false, "cx": 0.0, "cy": 0.0}, "dea": {"q": 1.0, "f": 0.0, "l": 0.0, "is_ind": false, "is_element": false, "is_reaction": false, "is_load": false, "is_edge": true, "is_symmetry": false}, "dfa": {}, "vertex": {"0": {"cy": 0.0, "p": 0, "sorted_neighbours": [9, 19, 11, 20, 17], "is_fixed": false, "y": 8.57142857142857, "x": 1.4285714285714217, "z": 2.8414591178468687, "cx": 0.0, "pz": 0.7063061516600417}, "1": {"cy": 0.0, "p": 0, "sorted_neighbours": [18, 13, 10, 19], "is_fixed": false, "y": 7.9466226735584975, "x": 2.8571428571457935, "z": 4.679271889949836, "cx": 0.0, "pz": 1.6248953177751493}, "2": {"cy": 0.0, "p": 0, "sorted_neighbours": [7, 16, 19, 6], "is_fixed": false, "y": 5.000000000000021, "x": 4.999999999999989, "z": 6.430975368236318, "cx": 0.0, "pz": 0.5102040816326521}, "3": {"cy": 0.0, "p": 0, "sorted_neighbours": [14, 4, 18, 19], "is_fixed": false, "y": 6.428571428571448, "x": 4.999999999999989, "z": 6.166022404294355, "cx": 0.0, "pz": 1.0961675774535329}, "4": {"cy": 0.0, "p": 0, "sorted_neighbours": [0, 1, 3], "is_fixed": false, "y": 9.750000000000032, "x": 4.999999999999985, "z": 4.68902428411915, "cx": 0.0, "pz": 0.611}, "5": {"cy": 0.0, "p": 0, "sorted_neighbours": [15], "is_fixed": true, "y": 9.750000000000032, "x": 6.0, "z": 0.0, "cx": 0.0, "pz": 0.0}, "6": {"cy": 0.0, "p": 0, "sorted_neighbours": [8, 17, 10, 13], "is_fixed": false, "y": 9.40003885513459, "x": 1.4285714285944318, "z": 2.344625239202257, "cx": 0.0, "pz": 0.906}, "7": {"cy": 0.0, "p": 0, "sorted_neighbours": [15, 8, 13], "is_fixed": false, "y": 9.795824804462807, "x": 2.857142857142853, "z": 3.6881249166703043, "cx": 0.0, "pz": 0.8701}, "8": {"cy": 0.0, "p": 0, "sorted_neighbours": [0, 17, 20], "is_fixed": false, "y": 9.877394827759787, "x": 1.4285714285760758, "z": 2.064841714339093, "cx": 0.0, "pz": 0.391}, "9": {"cy": 0.0, "p": 0, "sorted_neighbours": [11, 1, 0, 20], "is_fixed": false, "y": 9.018418549193466, "x": 2.857142857142868, "z": 4.0984575932057785, "cx": 0.0, "pz": 1.821}, "10": {"cy": 0.0, "p": 0, "sorted_neighbours": [15, 13, 18, 5], "is_fixed": false, "y": 8.809523809523828, "x": 4.999999999999982, "z": 5.146003764855639, "cx": 0.0, "pz": 1.2315}, "11": {"cy": 0.0, "p": 0, "sorted_neighbours": [16, 12, 1, 11], "is_fixed": false, "y": 7.619047619047635, "x": 4.999999999999977, "z": 5.770575266428992, "cx": 0.0, "pz": 1.2078239128371793}, "12": {"cy": 0.0, "p": 0, "sorted_neighbours": [10, 20, 8], "is_fixed": true, "y": 9.999999999999924, "x": 2.6645352591003757e-14, "z": 0.0, "cx": 0.0, "pz": 0.34}, "13": {"cy": 0.0, "p": 0, "sorted_neighbours": [11, 10, 2, 14, 16], "is_fixed": false, "y": 7.142857142857142, "x": 2.857142857142848, "z": 5.074007213813948, "cx": 0.0, "pz": 1.1839571104198952}, "14": {"cy": 0.0, "p": 0, "sorted_neighbours": [19], "is_fixed": true, "y": 6.435750361670584, "x": 2.1500360759562813, "z": 0.0, "cx": 0.0, "pz": 0.0}, "15": {"cy": 0.0, "p": 0, "sorted_neighbours": [14], "is_fixed": true, "y": 5.000000000000021, "x": 6.0, "z": 0.0, "cx": 0.0, "pz": 0.0}, "16": {"cy": 0.0, "p": 0, "sorted_neighbours": [14], "is_fixed": true, "y": 4.0, "x": 4.999999999999989, "z": 0.0, "cx": 0.0, "pz": 0.0}, "17": {"cy": 0.0, "p": 0, "sorted_neighbours": [10], "is_fixed": true, "y": 7.864321790242011, "x": 0.7214646473848552, "z": 0.0, "cx": 0.0, "pz": 0.0}, "18": {"cy": 0.0, "p": 0, "sorted_neighbours": [1], "is_fixed": true, "y": 8.809523809523828, "x": 6.0, "z": 0.0, "cx": 0.0, "pz": 0.0}, "19": {"cy": 0.0, "p": 0, "sorted_neighbours": [18], "is_fixed": true, "y": 7.619047619047635, "x": 6.0, "z": 0.0, "cx": 0.0, "pz": 0.0}, "20": {"cy": 0.0, "p": 0, "sorted_neighbours": [16], "is_fixed": true, "y": 6.428571428571448, "x": 6.0, "z": 0.0, "cx": 0.0, "pz": 0.0}}, "edge": {"0": {"1": {"is_symmetry": false, "q": 1.7549510434719457, "f": 0.0, "l": 0.0, "is_ind": false, "is_element": false, "is_reaction": false, "is_load": false, "is_edge": true}, "17": {"is_symmetry": true, "q": 0.0, "f": 0.0, "l": 0.0, "is_ind": false, "is_element": false, "is_reaction": false, "is_load": false, "is_edge": true}, "13": {"is_symmetry": false, "q": 0.8752147609605813, "f": 0.0, "l": 0.0, "is_ind": false, "is_element": false, "is_reaction": false, "is_load": false, "is_edge": true}}, "1": {"11": {"is_symmetry": false, "q": 1.1699673623214428, "f": 0.0, "l": 0.0, "is_ind": false, "is_element": false, "is_reaction": false, "is_load": false, "is_edge": true}, "13": {"is_symmetry": false, "q": 1.5412115151587882, "f": 0.0, "l": 0.0, "is_ind": false, "is_element": false, "is_reaction": false, "is_load": false, "is_edge": true}}, "2": {"3": {"is_symmetry": false, "q": 0.9991898662424452, "f": 0.0, "l": 0.0, "is_ind": false, "is_element": false, "is_reaction": false, "is_load": false, "is_edge": true}, "15": {"is_symmetry": true, "q": 0.0, "f": 0.0, "l": 0.0, "is_ind": false, "is_element": false, "is_reaction": false, "is_load": false, "is_edge": true}, "16": {"is_symmetry": true, "q": 0.0, "f": 0.0, "l": 0.0, "is_ind": false, "is_element": false, "is_reaction": false, "is_load": false, "is_edge": true}}, "3": {"20": {"is_symmetry": true, "q": 0.0, "f": 0.0, "l": 0.0, "is_ind": false, "is_element": false, "is_reaction": false, "is_load": false, "is_edge": true}}, "4": {"5": {"is_symmetry": true, "q": 0.0, "f": 0.0, "l": 0.0, "is_ind": false, "is_element": false, "is_reaction": false, "is_load": false, "is_edge": true}, "10": {"is_symmetry": false, "q": 0.030421048077513113, "f": 0.0, "l": 0.0, "is_ind": false, "is_element": false, "is_reaction": false, "is_load": false, "is_edge": true}, "7": {"is_symmetry": false, "q": 0.6243402834260046, "f": 0.0, "l": 0.0, "is_ind": false, "is_element": false, "is_reaction": false, "is_load": false, "is_edge": true}}, "5": {}, "6": {"0": {"is_symmetry": false, "q": 0.5658009393259902, "f": 0.0, "l": 0.0, "is_ind": false, "is_element": false, "is_reaction": false, "is_load": false, "is_edge": true}, "9": {"is_symmetry": false, "q": 1.9712236805487215, "f": 0.0, "l": 0.0, "is_ind": false, "is_element": false, "is_reaction": false, "is_load": false, "is_edge": true}}, "7": {"8": {"is_symmetry": false, "q": 0.9365104251420533, "f": 0.0, "l": 0.0, "is_ind": false, "is_element": false, "is_reaction": false, "is_load": false, "is_edge": true}, "9": {"is_symmetry": false, "q": 0.061461951800112935, "f": 0.0, "l": 0.0, "is_ind": false, "is_element": false, "is_reaction": false, "is_load": false, "is_edge": true}}, "8": {"6": {"is_symmetry": false, "q": 0.08050563308250203, "f": 0.0, "l": 0.0, "is_ind": false, "is_element": false, "is_reaction": false, "is_load": false, "is_edge": true}, "12": {"is_symmetry": false, "q": 0.9365104251370013, "f": 0.0, "l": 0.0, "is_ind": false, "is_element": false, "is_reaction": false, "is_load": false, "is_edge": true}}, "9": {"10": {"is_symmetry": false, "q": 1.3141491203440117, "f": 0.0, "l": 0.0, "is_ind": false, "is_element": false, "is_reaction": false, "is_load": false, "is_edge": true}, "1": {"is_symmetry": false, "q": 0.4903182251444802, "f": 0.0, "l": 0.0, "is_ind": false, "is_element": false, "is_reaction": false, "is_load": false, "is_edge": true}}, "10": {"18": {"is_symmetry": true, "q": 0.0, "f": 0.0, "l": 0.0, "is_ind": false, "is_element": false, "is_reaction": false, "is_load": false, "is_edge": true}, "11": {"is_symmetry": false, "q": 0.25462845222156383, "f": 0.0, "l": 0.0, "is_ind": false, "is_element": false, "is_reaction": false, "is_load": false, "is_edge": true}}, "11": {"3": {"is_symmetry": false, "q": 0.5765602351118035, "f": 0.0, "l": 0.0, "is_ind": false, "is_element": false, "is_reaction": false, "is_load": false, "is_edge": true},